"ASCL1"	"NEUROD1"	"POU2F3"	"YAP1"
"CP08174_T1R_T.ENSEMBL"	0.620490267077858	1.74729995829774	0.89150961708811	0.781632610403055
"CP09800_T1R_T.ENSEMBL"	1.61831643925659	0.86281506538775	-0.333197781907143	-1.71736824191097
"CP07805_T1R_T.ENSEMBL"	-0.769681557975641	-0.924431449381074	-0.57679217973561	0.389138831321712
"CP07552_T1R_T.ENSEMBL"	0.808449451744393	-0.75971547908546	-0.895413973812462	-1.07696763860942
"CP06649_T1R_T.ENSEMBL"	-0.709998089824891	0.11333573061571	-0.161715832966631	0.210298121446581
"CP10449_T1R_T.ENSEMBL"	-0.69078780127802	-0.189628659286391	1.83301043162603	0.913420873028066
"CP07152_T1R_T.ENSEMBL"	-0.876788709000287	-0.849675166548278	-0.757400280292296	0.499845444320975
